2025-05-08 17:22:29,40
2025-05-08 17:22:29,40
2025-05-08 17:22:29,40
2025-05-08 17:22:29,40
2025-05-08 17:22:29,40
2025-05-08 17:22:29,40
2025-05-08 17:22:29,40
2025-05-08 17:22:29,40
2025-05-08 17:22:29,40
2025-05-08 17:22:29,40
2025-05-08 17:22:29,40
2025-05-08 17:22:29,40
2025-05-08 17:22:29,40
2025-05-08 17:22:29,40
2025-05-08 17:22:29,40
2025-05-08 17:22:29,40
2025-05-08 17:22:29,40
2025-05-08 17:22:29,40
2025-05-08 17:22:29,40
2025-05-08 17:22:29,40
2025-05-08 17:22:29,40
2025-05-08 17:22:29,40
2025-05-08 17:22:29,40
2025-05-08 17:22:29,40
2025-05-08 17:22:29,40
2025-05-08 17:22:29,40
2025-05-08 17:22:29,40
2025-05-08 17:22:29,40
2025-05-08 17:22:29,40
2025-05-08 17:22:29,40
2025-05-08 17:22:29,40
2025-05-08 17:22:29,40
2025-05-08 17:22:29,40
2025-05-08 17:22:29,40
2025-05-08 17:22:29,40
2025-05-08 17:22:29,40
2025-05-08 17:22:29,40
2025-05-08 17:22:29,40
2025-05-08 17:22:29,40
2025-05-08 17:22:29,40
